codigo,precio
10,175.00
AC85,438.00
AC90,378.00
224,315.00
300,505.00
301,505.00
515,17.00
RAY515LA,17.00
525,13.00
RAY200AGC,13.00
RAY405AGC,13.00
RAY420AG,13.00
RAY520AGC,13.00
RAY525AG,13.00
RAY525AGC,13.00
RAY525LA,13.00
538,615.00
555,365.00
571,478.00
638,758.00
AC777,375.00
1001,455.00
1002,455.00
2000,415.00
AC400LA-A,365.00
AC400LA-C,365.00
AC400A,365.00
AC400RN-A,365.00
AC400RN-C,365.00
RAY 1000 LA,435.00
AC1000A,435.00
RAY 1000 AG  PAUNY,482.00
AC777AL-C,625.00
1001CR,725.00
1002CR,725.00
RAY 100,120.00
H1-H3,36.50
AC543,420.00
AC542R,420.00
AC543G,420.00
AC443,355.00
AC443H,365.00
AC545,420.00
AC545R,420.00
AC545G,420.00
AC545GR,420.00
AC445,355.00
AC445H,365.00
RAY 400 AG,390.00
AC500,380.00
AC500I,530.00
AC544,435.00
AC544H,435.00
AC544HI,485.00
